use cinf201_egoodman;
-- Insert data into the Directors table
INSERT INTO movies_Directors (first_name, last_name, date_of_birth)
VALUES
('Akira', 'Kurosawa', '1910-03-23'),
('Alejandro González', 'Iñárritu', '1963-08-15'),
('Alfonso', 'Cuarón', '1961-11-28'),
('Ang', 'Lee', '1954-10-23'),
('Anthony', 'Russo', '1970-02-03'),
('Barry', 'Jenkins', '1979-11-19'),
('Bong', 'Joon-ho', '1969-09-14'),
('Charlie', 'Chaplin', '1889-04-16'),
('Christopher', 'Nolan', '1970-07-30'),
('Clint', 'Eastwood', '1930-05-31'),
('Damien', 'Chazelle', '1985-01-19'),
('David', 'Fincher', '1962-08-28'),
('David', 'Lean', '1908-03-25'),
('Fernando', 'Meirelles', '1955-11-09'),
('Florian Henckel von', 'Donnersmarck', '1973-05-02'),
('Francis Ford', 'Coppola', '1939-04-07'),
('Frank', 'Capra', '1897-05-18'),
('Frank', 'Darabont', '1959-01-28'),
('George', 'Miller', '1945-03-03'),
('Guillermo del', 'Toro', '1964-10-09'),
('Hayao', 'Miyazaki', '1941-01-05'),
('Ingmar', 'Bergman', '1918-07-14'),
('Irvin', 'Kershner', '1923-04-29'),
('James', 'Cameron', '1954-08-16'),
('Jean-Pierre', 'Jeunet', '1953-09-03'),
('Joel', 'Coen', '1954-11-29'),
('John', 'McTiernan', '1951-01-08'),
('Lana', 'Wachowski', '1965-06-21'),
('Luc', 'Besson', '1959-03-18'),
('Martin', 'Scorsese', '1942-11-17'),
('Mathieu', 'Kassovitz', '1967-08-03'),
('Mel', 'Gibson', '1956-01-03'),
('Michel', 'Hazanavicius', '1967-03-29'),
('Milos', 'Forman', '1932-02-18'),
('Nick', 'Cassavetes', '1959-05-21'),
('Olivier', 'Nakache', '1973-04-15'),
('Park', 'Chan-wook', '1963-08-23'),
('Peter', 'Farrelly', '1956-12-17'),
('Peter', 'Jackson', '1961-10-31'),
('Quentin', 'Tarantino', '1963-03-27'),
('Ridley', 'Scott', '1937-11-30'),
('Robert', 'Zemeckis', '1951-05-14'),
('Roberto', 'Benigni', '1952-10-27'),
('Roger', 'Allers', '1949-06-29'),
('Ryan', 'Coogler', '1986-05-23'),
('Sean', 'Baker', '1971-02-09'),
('Sergio', 'Leone', '1929-01-03'),
('Sidney', 'Lumet', '1924-06-25'),
('Stanley', 'Kubrick', '1928-07-26'),
('Steven', 'Spielberg', '1946-12-18'),
('Tate', 'Taylor', '1969-06-03'),
('Terry', 'George', '1952-12-20'),
('Terry Gilliam', 'Jones', '1940-11-22'),
('Todd', 'Phillips', '1970-12-20'),
('Tom', 'Hooper', '1972-10-05'),
('Tony', 'Kaye', '1952-07-08'),
('Victor', 'Fleming', '1889-02-23'),
('Wes', 'Anderson', '1969-05-01'),
('William', 'Friedkin', '1935-08-29');

-- Insert data into the Genres table
INSERT INTO movies_Genres (genre_id, genre_name)
VALUES
(1, 'Action'),
(2, 'Comedy'),
(3, 'Drama'),
(4, 'Horror'),
(5, 'Science Fiction');

-- Insert data into the Actors table
INSERT INTO movies_Actors (first_name, last_name, date_of_birth, gender, nationality) VALUES
('Al', 'Pacino', '1940-04-25', 'Male', 'American'),
('Alexandre', 'Rodrigues', '1983-08-18', 'Male', 'Brazilian'),
('Audrey', 'Tautou', '1976-08-09', 'Female', 'French'),
('Ben', 'Burtt', '1948-07-12', 'Male', 'American'),
('Brad', 'Pitt', '1963-12-18', 'Male', 'American'),
('Bruce', 'Willis', '1955-03-19', 'Male', 'American'),
('Chadwick', 'Boseman', '1976-11-29', 'Male', 'American'),
('Charlie', 'Chaplin', '1889-04-16', 'Male', 'British'),
('Clark', 'Gable', '1901-02-01', 'Male', 'American'),
('Clint', 'Eastwood', '1930-05-31', 'Male', 'American'),
('Colin', 'Firth', '1960-09-10', 'Male', 'British'),
('Daniel', 'Day-Lewis', '1957-04-29', 'Male', 'British'),
('Don', 'Cheadle', '1964-11-29', 'Male', 'American'),
('Ed', 'Asner', '1929-11-15', 'Male', 'American'),
('Edward', 'Norton', '1969-08-18', 'Male', 'American'),
('Elijah', 'Wood', '1981-01-28', 'Male', 'American'),
('Ellen', 'Burstyn', '1932-12-07', 'Female', 'American'),
('Emma', 'Stone', '1988-11-06', 'Female', 'American'),
('Fionn', 'Whitehead', '1997-07-18', 'Male', 'British'),
('Frances', 'McDormand', '1957-06-23', 'Female', 'American'),
('François', 'Cluzet', '1955-09-21', 'Male', 'French'),
('Graham', 'Chapman', '1941-01-08', 'Male', 'British'),
('Harrison', 'Ford', '1942-07-13', 'Male', 'American'),
('Harvey', 'Keitel', '1939-05-13', 'Male', 'American'),
('Heath', 'Ledger', '1979-04-04', 'Male', 'Australian'),
('Henry', 'Fonda', '1905-05-16', 'Male', 'American'),
('Hilary', 'Swank', '1974-07-30', 'Female', 'American'),
('Hugh', 'Jackman', '1968-10-12', 'Male', 'Australian'),
('igourney', 'Weaver', '1949-10-08', 'Female', 'American'),
('Ingrid', 'Thulin', '1926-01-27', 'Female', 'Swedish'),
('Ivana', 'Baquero', '1994-06-11', 'Female', 'Spanish'),
('Jack', 'Nicholson', '1937-04-22', 'Male', 'American'),
('James', 'Stewart', '1908-05-20', 'Male', 'American'),
('Jamie', 'Foxx', '1967-12-13', 'Male', 'American'),
('Jean', 'Reno', '1948-07-30', 'Male', 'French'),
('Jesse', 'Eisenberg', '1983-10-05', 'Male', 'American'),
('Jim', 'Carrey', '1962-01-17', 'Male', 'Canadian'),
('Joaquin', 'Phoenix', '1974-10-28', 'Male', 'American'),
('Jodie', 'Foster', '1962-11-19', 'Female', 'American'),
('John', 'Travolta', '1954-02-18', 'Male', 'American'),
('Josh', 'Brolin', '1968-02-12', 'Male', 'American'),
('Keanu', 'Reeves', '1964-09-02', 'Male', 'Canadian'),
('Keir', 'Dullea', '1936-05-30', 'Male', 'American'),
('Kevin', 'Spacey', '1959-07-26', 'Male', 'American'),
('Kim', 'Min-hee', '1982-03-01', 'Female', 'South Korean'),
('Kurt', 'Russell', '1951-03-17', 'Male', 'American'),
('Leonardo', 'DiCaprio', '1974-11-11', 'Male', 'American'),
('Liam', 'Neeson', '1952-06-07', 'Male', 'Irish'),
('Malcolm', 'McDowell', '1943-06-13', 'Male', 'British'),
('Matthew', 'Broderick', '1962-03-21', 'Male', 'American'),
('Matthew', 'McConaughey', '1969-11-04', 'Male', 'American'),
('Matthew', 'Modine', '1959-03-22', 'Male', 'American'),
('Mel', 'Gibson', '1956-01-03', 'Male', 'American'),
('Michael J.', 'Fox', '1961-06-09', 'Male', 'Canadian'),
('Miles', 'Teller', '1987-02-20', 'Male', 'American'),
('Paul', 'Newman', '1925-01-26', 'Male', 'American'),
('Ralph', 'Fiennes', '1962-12-22', 'Male', 'British'),
('Ray', 'Liotta', '1954-12-18', 'Male', 'American'),
('River', 'Phoenix', '1970-08-23', 'Male', 'American'),
('Robert Downey', 'Jr.', '1965-04-04', 'Male', 'American'),
('Roberto', 'Benigni', '1952-10-27', 'Male', 'Italian'),
('Roy', 'Scheider', '1932-11-10', 'Male', 'American'),
('Roy', 'Scheider', '1932-11-10', 'Male', 'American'),
('Russell', 'Crowe', '1964-04-07', 'Male', 'New Zealander'),
('Ryan', 'Gosling', '1980-11-12', 'Male', 'Canadian'),
('Sam', 'Neill', '1947-09-14', 'Male', 'New Zealander'),
('Samuel L.', 'Jackson', '1948-12-21', 'Male', 'American'),
('Song', 'Kang-ho', '1967-01-17', 'Male', 'South Korean'),
('Tim', 'Robbins', '1958-10-16', 'Male', 'American'),
('Tom', 'Hanks', '1956-07-09', 'Male', 'American'),
('Tom', 'Hardy', '1977-09-15', 'Male', 'British'),
('Trevante', 'Rhodes', '1990-02-10', 'Male', 'American'),
('Ulrich', 'Mühe', '1953-06-20', 'Male', 'German'),
('Uma', 'Thurman', '1970-04-29', 'Female', 'American'),
('Viggo', 'Mortensen', '1958-10-20', 'Male', 'American'),
('Vincent', 'Cassel', '1966-11-23', 'Male', 'French'),
('Willem', 'Dafoe', '1955-07-22', 'Male', 'American'),
('Yalitza', 'Aparicio', '1993-12-11', 'Female', 'Mexican');

-- Insert data into the Customers table
INSERT INTO movies_Customers (first_name, last_name, address, phone_number, email_address)
VALUES 
('Alice', 'Smith', '123 Main St, Anytown, USA', '555-555-5555', 'alice.smith@email.com'),
('Bob', 'Johnson', '456 Oak St, Anytown, USA', '555-555-5555', 'bob.johnson@email.com'),
('Carla', 'Garcia', '789 Maple St, Anytown, USA', '555-555-5555', 'carla.garcia@email.com'),
('Dave', 'Lee', '101 Pine St, Anytown, USA', '555-555-5555', 'dave.lee@email.com'),
('Emma', 'Wilson', '111 Cedar St, Anytown, USA', '555-555-5555', 'emma.wilson@email.com'),
('Frank', 'Hernandez', '222 Elm St, Anytown, USA', '555-555-5555', 'frank.hernandez@email.com'),
('Grace', 'Martinez', '333 Spruce St, Anytown, USA', '555-555-5555', 'grace.martinez@email.com'),
('Harry', 'Lopez', '444 Birch St, Anytown, USA', '555-555-5555', 'harry.lopez@email.com'),
('Isabel', 'Jackson', '555 Walnut St, Anytown, USA', '555-555-5555', 'isabel.jackson@email.com'),
('Jack', 'Lewis', '666 Chestnut St, Anytown, USA', '555-555-5555', 'jack.lewis@email.com'),
('Kelly', 'Taylor', '777 Cedar St, Anytown, USA', '555-555-5555', 'kelly.taylor@email.com'),
('Larry', 'Anderson', '888 Ash St, Anytown, USA', '555-555-5555', 'larry.anderson@email.com'),
('Maggie', 'Brown', '999 Oak St, Anytown, USA', '555-555-5555', 'maggie.brown@email.com'),
('Nathan', 'Davis', '1212 Elm St, Anytown, USA', '555-555-5555', 'nathan.davis@email.com'),
('Olivia', 'Jones', '1313 Maple St, Anytown, USA', '555-555-5555', 'olivia.jones@email.com'),
('Peter', 'Robinson', '1414 Pine St, Anytown, USA', '555-555-5555', 'peter.robinson@email.com'),
('Quincy', 'Kim', '1515 Birch St, Anytown, USA', '555-555-5555', 'quincy.kim@email.com'),
('Rose', 'Choi', '1616 Cedar St, Anytown, USA', '555-555-5555', 'rose.choi@email.com'),
('Samuel', 'Chen', '1717 Elm St, Anytown, USA', '555-555-5555', 'samuel.chen@email.com'),
('Tara', 'Wong', '1818 Spruce St, Anytown, USA', '555-555-5555', 'tara.wong@email.com'),
('Uma', 'Patel', '1212 Oak St, Anytown, USA', '555-555-5555', 'uma.patel@email.com'),
('Victor', 'Nguyen', '2323 Pine St, Anytown, USA', '555-555-5555', 'victor.nguyen@email.com'),
('Wendy', 'Gonzalez', '3434 Maple St, Anytown, USA', '555-555-5555', 'wendy.gonzalez@email.com'),
('Xavier', 'Rivera', '4545 Cedar St, Anytown, USA', '555-555-5555', 'xavier.rivera@email.com'),
('Yvonne', 'Baker', '5656 Elm St, Anytown, USA', '555-555-5555', 'yvonne.baker@email.com'),
('Zachary', 'Adams', '6767 Spruce St, Anytown, USA', '555-555-5555', 'zachary.adams@email.com'),
('Avery', 'Thomas', '7878 Oak St, Anytown, USA', '555-555-5555', 'avery.thomas@email.com'),
('Brianna', 'Clark', '8989 Pine St, Anytown, USA', '555-555-5555', 'brianna.clark@email.com'),
('Cameron', 'Walker', '1010 Maple St, Anytown, USA', '555-555-5555', 'cameron.walker@email.com'),
('Diana', 'Gutierrez', '1111 Cedar St, Anytown, USA', '555-555-5555', 'diana.gutierrez@email.com'),
('Ethan', 'Gomez', '1212 Elm St, Anytown, USA', '555-555-5555', 'ethan.gomez@email.com'),
('Faith', 'Parker', '1313 Spruce St, Anytown, USA', '555-555-5555', 'faith.parker@email.com'),
('Gabriel', 'Carter', '1414 Oak St, Anytown, USA', '555-555-5555', 'gabriel.carter@email.com'),
('Hannah', 'Mitchell', '1515 Pine St, Anytown, USA', '555-555-5555', 'hannah.mitchell@email.com'),
('Isaac', 'Perez', '1616 Maple St, Anytown, USA', '555-555-5555', 'isaac.perez@email.com'),
('Jasmine', 'Roberts', '1717 Cedar St, Anytown, USA', '555-555-5555', 'jasmine.roberts@email.com'),
('Kevin', 'Turner', '1818 Elm St, Anytown, USA', '555-555-5555', 'kevin.turner@email.com'),
('Lila', 'Phillips', '1919 Spruce St, Anytown, USA', '555-555-5555', 'lila.phillips@email.com'),
('Miles', 'Campbell', '2020 Oak St, Anytown, USA', '555-555-5555', 'miles.campbell@email.com'),
('Nina', 'Evans', '2121 Pine St, Anytown, USA', '555-555-5555', 'nina.evans@email.com'),
('John', 'Wick', '4200 Pine St, Anytown, USA', '555-555-5555', 'john.wick@email.com');


-- Insert data into Ratings table
INSERT INTO movies_Ratings (rating_id, rating_value, rating_description)
VALUES
(1, 'G', 'General Audiences'),
(2, 'PG', 'Parental Guidance Suggested'),
(3, 'PG-13', 'Parents Strongly Cautioned'),
(4, 'R', 'Restricted'),
(5, 'NC-17', 'Adults Only');

-- Insert data into the Movies table
INSERT INTO movies_Movies (title, release_date, director_id, actor_id, genre_id, running_time, rating_id, synopsis) VALUES
('12 Angry Men', '1957-04-10', 48, 26, 3, 96, 5, 'A jury holdout attempts to prevent a miscarriage of justice by forcing his colleagues to reconsider the evidence.'),
('2001: A Space Odyssey', '1968-04-03', 49, 43, 5, 149, 1, 'Humanity finds a mysterious, obviously artificial, object buried beneath the Lunar surface and, with the intelligent computer H.A.L. 9000, sets off on a quest.'),
('A Clockwork Orange', '1971-12-19', 49, 49, 3, 137, 4, 'In the future, a sadistic gang leader is imprisoned and volunteers for a conduct-aversion experiment, but it doesn''t go as planned.'), 
('Amélie', '2001-04-25', 25, 3, 2, 122, 4, 'Amélie is an innocent and naive girl in Paris with her own sense of justice. She decides to help those around her and, along the way, discovers love.'),
('Alien', '1979-05-25', 13, 14, 3, 117, 3, 'After a space merchant vessel receives an unknown transmission as a distress call, one of the crew is attacked by a mysterious life form and they soon realize that its life cycle has merely begun.'),
('Amélie', '2001-04-25', 17, 18, 3, 122, 3, 'Amélie is an innocent and naive girl in Paris with her own sense of justice. She decides to help those around her and, along the way, discovers love.'),
('American History X', '1998-10-30', 21, 22, 3, 119, 3, 'A former neo-nazi skinhead tries to prevent his younger brother from going down the same wrong path that he did.'),
('Avengers: Infinity War', '2018-04-27', 25, 26, 3, 149, 3, 'The Avengers and their allies must be willing to sacrifice all in an attempt to defeat the powerful Thanos before his blitz of devastation and ruin puts an end to the universe.'),
('Back to the Future', '1985-07-03', 29, 30, 3, 116, 3, 'Marty McFly, a 17-year-old high school student, is accidentally sent 30 years into the past in a time-traveling DeLorean invented by his close friend, the maverick scientist Doc Brown.'),
('Black Panther', '2018-02-16', 33, 34, 3, 134, 3, 'T''Challa, heir to the hidden but advanced kingdom of Wakanda, must step forward to lead his people into a new future and must confront a challenger from his country''s past.'),
('Blade Runner', '1982-06-25', 37, 38, 3, 117, 3, 'A blade runner must pursue and terminate four replicants who stole a ship in space, and have returned to Earth to find their creator.'),
('Braveheart', '1995-05-24', 41, 42, 3, 178, 3, 'When his secret bride is executed for assaulting an English soldier who tried to rape her, William Wallace begins a revolt against King Edward I of England.'),
('Brokeback Mountain', '2005-09-02', 1, 1, 1, 134, 3, 'The story of a forbidden and secretive relationship between two cowboys and their lives over the years.'),
('City of God', '2002-02-05', 2, 2, 2, 130, 3, 'The story of two boys growing up in the slums of Rio de Janeiro, one becomes a photographer and the other a drug dealer.'),
('Die Hard', '1988-07-15', 3, 3, 3, 132, 3, 'An NYPD officer tries to save his wife and several others taken hostage by German terrorists during a Christmas party at the Nakatomi Plaza in Los Angeles.'),
('Django Unchained', '2012-12-25', 4, 4, 3, 165, 3, 'With the help of a German bounty hunter, a freed slave sets out to rescue his wife from a brutal Mississippi plantation owner.'),
('Dunkirk', '2017-07-21', 5, 5, 3, 106, 3, 'The story of the evacuation of Allied soldiers from the beaches of Dunkirk during World War II.'),
('Fight Club', '1999-10-15', 6, 6, 3, 139, 3, 'A depressed man suffering from insomnia meets a strange soap salesman and soon finds himself living in his squalid house.'),
('Forrest Gump', '1994-07-06', 7, 7, 3, 142, 3, 'Forrest Gump, while not intelligent, has accidentally been present at many historic moments, but his true love, Jenny, eludes him.'),
('Full Metal Jacket', '1987-06-26', 8, 8, 3, 116, 3, 'A pragmatic U.S. Marine observes the dehumanizing effects the Vietnam War has on his fellow recruits from their brutal boot camp training to the bloody street fighting in Hue.'),
('Gladiator', '2000-05-01', 9, 9, 3, 155, 4, 'A former Roman General sets out to exact vengeance against the corrupt emperor who murdered his family and sent him into slavery.'),
('Gone with the Wind', '1939-12-15', 10, 10, 3, 238, 4, 'A manipulative woman and a roguish man conduct a turbulent romance during the American Civil War and Reconstruction periods.'),
('Goodfellas', '1990-09-19', 11, 11, 3, 146, 3, 'Henry Hill and his friends work their way up through the mob hierarchy.'),
('Hotel Rwanda', '2004-09-11', 12, 12, 3, 121, 4, 'Paul Rusesabagina, a hotel manager, houses over a thousand Tutsi refugees during their struggle against the Hutu militia in Rwanda, Africa.'),
('Inception', '2010-07-16', 13, 13, 3, 148, 3, 'A thief who steals corporate secrets through the use of dream-sharing technology is given the inverse task of planting an idea into the mind of a C.E.O.'),
("Inglourious Basterds", "2009-08-20", 1, 10, 3, 153, 3, "In Nazi-occupied France during World War II, a plan to assassinate Nazi leaders by a group of Jewish U.S. soldiers coincides with a theatre owner's vengeful plans for the same."),
("Interstellar", "2014-11-07", 2, 11, 2, 169, 4, "A team of explorers travel through a wormhole in space in an attempt to ensure humanity's survival."),
("It's a Wonderful Life", "1946-12-20", 3, 12, 1, 130, 4, "An angel is sent from Heaven to help a desperately frustrated businessman by showing him what life would have been like if he had never existed."),
("Jaws", "1975-06-20", 4, 13, 4, 124, 4, "When a killer shark unleashes chaos on a beach community, it's up to a local sheriff, a marine biologist, and an old seafarer to hunt the beast down."),
("Joker", "2019-10-04", 5, 14, 3, 122, 3, "In Gotham City, mentally troubled comedian Arthur Fleck is disregarded and mistreated by society. He then embarks on a downward spiral of revolution and bloody crime. This path brings him face-to-face with his alter-ego: the Joker."),
("Jurassic Park", "1993-06-11", 6, 15, 4, 127, 4, "A pragmatic paleontologist visiting an almost complete theme park is tasked with protecting a couple of kids after a power failure causes the park's cloned dinosaurs to run loose."),
("Kill Bill: Vol. 1", "2003-10-10", 7, 16, 3, 111, 4, "After awakening from a four-year coma, a former assassin wreaks vengeance on the team of assassins who betrayed her."),
("La Haine", "1995-05-31", 8, 17, 3, 98, 4, "24 hours in the lives of three young men in the French suburbs the day after a violent riot."),
("La La Land", "2016-12-09", 9, 18, 1, 128, 4, "While navigating their careers in Los Angeles, a pianist and an actress fall in love while attempting to reconcile their aspirations for the future."),
("Léon: The Professional", "1994-11-18", 10, 19, 3, 110, 4, "Mathilda, a 12-year-old girl, is reluctantly taken in by Léon, a professional assassin, after her family is murdered. Léon and Mathilda form an unusual relationship, as she becomes his protégée and learns the assassin's trade."),
("Life is Beautiful", "1997-12-20", 11, 20, 3, 116, 5, "When an open-minded Jewish librarian and his son become victims of the Holocaust, he uses a perfect mixture of will, humor, and imagination to protect his son from the dangers around their camp."),
('Mad Max: Fury Road', '2015-05-15', 1, 2, 3, 120, 4, 'In a post-apocalyptic wasteland, a woman rebels against a tyrannical ruler in search for her homeland with the aid of a group of female prisoners, a psychotic worshipper, and a drifter named Max.'),
('Million Dollar Baby', '2004-12-15', 5, 6, 3, 132, 3, 'A determined woman works with a hardened boxing trainer to become a professional.'),
('Monty Python and the Holy Grail', '1975-03-14', 9, 10, 3, 91, 3, 'King Arthur and his Knights of the Round Table embark on a surreal, low-budget search for the Holy Grail, encountering many, very silly obstacles.'),
('Moonlight', '2016-10-21', 13, 14, 3, 111, 3, 'A young African-American man grapples with his identity and sexuality while experiencing the everyday struggles of childhood, adolescence, and burgeoning adulthood.'),
('No Country for Old Men', '2007-11-21', 17, 18, 3, 122, 3, 'Violence and mayhem ensue after a hunter stumbles upon a drug deal gone wrong and more than two million dollars in cash near the Rio Grande.'),
('Once Upon a Time in the West', '1968-12-21', 21, 22, 3, 165, 3, 'A mysterious stranger with a harmonica joins forces with a notorious desperado to protect a beautiful widow from a ruthless assassin working for the railroad.'),
('One Flew Over the Cuckoo''s Nest', '1975-11-19', 25, 26, 3, 133, 3, 'A criminal pleads insanity and is admitted to a mental institution, where he rebels against the oppressive nurse and rallies up the scared patients.'),
('Pan''s Labyrinth', '2006-05-27', 29, 30, 3, 118, 3, 'In the Falangist Spain of 1944, the bookish young stepdaughter of a sadistic army officer escapes into an eerie but captivating fantasy world.'),
('Parasite', '2019-05-21', 33, 34, 3, 132, 3, 'Greed and class discrimination threaten the newly formed symbiotic relationship between the wealthy Park family and the destitute Kim clan.'),
('Pulp Fiction', '1994-09-23', 37, 38, 3, 154, 3, 'The lives of two mob hitmen, a boxer, a gangster and his wife, and a pair of diner bandits intertwine in four tales of violence and redemption.'),
('Reservoir Dogs', '1992-01-21', 41, 42, 3, 99, 3, 'When a simple jewelry heist goes horribly wrong, the surviving criminals begin to suspect that one of them is a police informant.'),
('Roma', '2018-08-30', 45, 46, 3, 135, 3, 'A year in the life of a middle-class family''s maid in Mexico City in the early 1970s.'),
('Saving Private Ryan', '1998-07-24', 1, 2, 3, 169, 4, 'Following the Normandy Landings, a group of U.S. soldiers go behind enemy lines to retrieve a paratrooper whose brothers have been killed in action.'),
('Schindler''s List', '1993-12-15', 5, 6, 3, 195, 3, 'In German-occupied Poland during World War II, Oskar Schindler gradually becomes concerned for his Jewish workforce after witnessing their persecution by the Nazis.'),
('Se7en', '1995-09-22', 9, 10, 3, 127, 3, 'Two detectives, a rookie and a veteran, hunt a serial killer who uses the seven deadly sins as his motives.'),
('Seven Samurai', '1954-04-26', 13, 14, 3, 207, 3, 'A poor village under attack by bandits recruits seven unemployed samurai to help them defend themselves.'),
('Spirited Away', '2001-07-20', 17, 18, 3, 125, 3, 'During her family''s move to the suburbs, a sullen 10-year-old girl wanders into a world ruled by gods, witches, and spirits, and where humans are changed into beasts.'),
('Star Wars: Episode V - The Empire Strikes Back', '1980-05-21', 21, 22, 3, 124, 3, 'After the Rebels are brutally overpowered by the Empire on the ice planet Hoth, Luke Skywalker begins Jedi training with Yoda, while his friends are pursued by Darth Vader.'),
('Terminator 2: Judgment Day', '1991-07-03', 25, 26, 3, 137, 3, 'A cyborg, identical to the one who failed to kill Sarah Connor, must now protect her teenage son, John Connor, from a more advanced and powerful cyborg.'),
('The Artist', '2011-11-23', 29, 30, 3, 100, 3, 'A silent movie star meets a young dancer, but the arrival of talking pictures sends their careers in opposite directions.'),
('The Big Lebowski', '1998-03-06', 33, 34, 3, 117, 3, 'Jeff "The Dude" Lebowski, mistaken for a millionaire of the same name, seeks restitution for his ruined rug and enlists his bowling buddies to help get it.'),
('The Bridge on the River Kwai', '1957-12-14', 37, 38, 3, 161, 3, 'British POWs are forced to build a railway bridge across the river Kwai for their Japanese captors, not knowing that the allied forces are planning to destroy it.'),
('The Dark Knight', '2008-07-18', 41, 42, 3, 152, 3, 'When the menace known as the Joker wreaks havoc and chaos on the people of Gotham, Batman must accept one of the greatest psychological and physical tests of his ability to fight injustice.'),
('The Dark Knight Rises', '2012-07-20', 1, 2, 3, 164, 4, 'Eight years after the Joker''s reign of anarchy, Batman, with the help of the enigmatic Catwoman, is forced from his exile to save Gotham City, now on the edge of total annihilation, from the brutal guerrilla terrorist Bane.'),
('The Departed', '2006-10-06', 5, 6, 3, 151, 3, 'An undercover cop and a mole in the police attempt to identify each other while infiltrating an Irish gang in South Boston.'),
('The Exorcist', '1973-12-26', 9, 10, 3, 122, 3, 'When a 12-year-old girl is possessed by a mysterious entity, her mother seeks the help of two priests to save her.'),
('The Florida Project', '2017-10-06', 13, 14, 3, 111, 3, 'Set over one summer, the film follows precocious six-year-old Moonee as she courts mischief and adventure with her ragtag playmates and bonds with her rebellious but caring mother, all while living in the shadows of Disney World.'),
('The Godfather: Part II', '1974-12-20', 17, 18, 3, 200, 3, 'The early life and career of Vito Corleone in 1920s New York City is portrayed, while his son, Michael, expands and tightens his grip on the family crime syndicate.'),
('The Godfather: Part III', '1990-12-25', 21, 22, 3, 170, 3, 'In the midst of trying to legitimize his business dealings in New York City and Italy in 1979, aging Mafia don Michael Corleone seeks to avow for his sins, while taking a young protégé under his wing.'),
('The Good, the Bad and the Ugly', '1966-12-23', 25, 26, 3, 161, 3, 'A bounty hunting scam joins two men in an uneasy alliance against a third in a race to find a fortune in gold buried in a remote cemetery.'),
('The Grand Budapest Hotel', '2014-03-28', 29, 30, 3, 100, 3, 'The adventures of Gustave H, a legendary concierge at a famous hotel from the fictional Republic of Zubrowka between the first and second World Wars, and Zero Moustafa, the lobby boy who becomes his most trusted friend.'),
('The Great Dictator', '1940-10-15', 33, 34, 3, 125, 3, 'Dictator Adenoid Hynkel tries to expand his empire while a poor Jewish barber tries to avoid persecution from Hynkel''s regime.'),
('The Green Book', '2018-11-16', 37, 38, 3, 130, 3, 'A working-class Italian-American bouncer becomes the driver of an African-American classical pianist on a tour of venues through the 1960s American South.'),
('The Green Mile', '1999-12-10', 1, 1, 4, 189, 4, 'The lives of guards on Death Row are affected by one of their charges: a black man accused of child murder and rape, yet who has a mysterious gift.'),
('The Handmaiden', '2016-06-01', 2, 2, 1, 144, 3, 'A woman is hired as a handmaiden to a Japanese heiress, but secretly she is involved in a plot to defraud her.'),
('The Hateful Eight', '2015-12-25', 3, 3, 2, 187, 4, 'In the dead of a Wyoming winter, a bounty hunter and his prisoner find shelter in a cabin currently inhabited by a collection of nefarious characters.'),
('The Help', '2011-08-10', 4, 4, 3, 146, 4, 'An aspiring author during the civil rights movement of the 1960s decides to write a book detailing the African American maids'' point of view on the white families for which they work, and the hardships they go through on a daily basis.'),
('The Intouchables', '2011-11-02', 5, 5, 3, 112, 3, 'After he becomes a quadriplegic from a paragliding accident, an aristocrat hires a young man from the projects to be his caretaker.'),
('The King''s Speech', '2010-12-24', 6, 6, 3, 118, 3, 'The story of King George VI, his impromptu ascension to the throne of the British Empire in 1936, and the speech therapist who helped the unsure monarch overcome his stammer.'),
('The Lion King', '1994-06-15', 7, 7, 3, 89, 3, 'Lion prince Simba and his father are targeted by his bitter uncle, who wants to ascend the throne himself.'),
('The Lives of Others', '2006-03-23', 8, 8, 2, 137, 3, 'In 1984 East Berlin, an agent of the secret police, conducting surveillance on a writer and his lover, finds himself becoming increasingly absorbed by their lives.'),
('The Lord of the Rings: The Fellowship of the Ring', '2001-12-19', 9, 9, 3, 178, 3, 'A meek hobbit of the Shire and eight companions set out on a journey to Mount Doom to destroy the One Ring and the dark lord Sauron.'),
('The Lord of the Rings: The Return of the King', '2003-12-17', 9, 10, 3, 201, 3, 'Gandalf and Aragorn lead the World of Men against Sauron''s army to draw his gaze from Frodo and Sam as they approach Mount Doom with the One Ring.'),
('The Lord of the Rings: The Two Towers', '2002-12-18', 9, 11, 3, 179, 3, 'While Frodo and Sam edge closer to Mordor with the help of the shifty Gollum, the divided fellowship makes a stand against Sauron''s new ally, Saruman, and his hordes of Isengard.'),
('The Matrix', '1999-03-31', 1, 1, 1, 136, 4, 'A hacker is recruited by a group of rebels to fight against a powerful artificial intelligence controlling the world.'),
('The Notebook', '2004-06-25', 2, 2, 2, 123, 3, 'A poor yet passionate young man falls in love with a rich young woman, giving her a sense of freedom, but they are soon separated because of their social differences.'),
('The Prestige', '2006-10-20', 3, 3, 3, 130, 4, 'Two stage magicians engage in competitive one-upmanship in an attempt to create the ultimate stage illusion.'),
('The Revenant', '2015-12-16', 4, 4, 4, 156, 4, 'A frontiersman on a fur trading expedition in the 1820s fights for survival after being mauled by a bear and left for dead by members of his own hunting team.'),
('The Shawshank Redemption', '1994-10-14', 5, 5, 3, 142, 3, 'Two imprisoned men bond over a number of years, finding solace and eventual redemption through acts of common decency.'),
('The Shining', '1980-05-23', 6, 6, 3, 146, 3, 'A family heads to an isolated hotel for the winter where an evil and spiritual presence influences the father into violence, while his psychic son sees horrific forebodings from both past and future.'),
('The Silence', '1963-02-04', 7, 7, 3, 96, 4, 'Two sisters live in a dysfunctional family in a secluded house. They keep a macabre secret.'),
('The Silence of the Lambs', '1991-02-14', 8, 8, 3, 118, 4, 'A young F.B.I. cadet must receive the help of an incarcerated and manipulative cannibal killer to help catch another serial killer, a madman who skins his victims.'),
('The Sixth Sense', '1999-08-06', 9, 9, 3, 107, 4, 'A boy who communicates with spirits seeks the help of a disheartened child psychologist.'),
('The Social Network', '2010-09-24', 10, 10, 3, 120, 4, 'Harvard student Mark Zuckerberg creates the social networking site that would become known as Facebook, but is later sued by two brothers who claimed he stole their idea, and the co-founder who was later squeezed out of the business.'),
('The Sting', '1973-12-25', 11, 11, 3, 129, 3, 'In Chicago in September 1936, a young con man seeking revenge for his murdered partner teams up with a master of the big con to win a fortune from a criminal banker.'),
('The Sting', '1973-12-25', 1, 1, 3, 129, 3, 'In 1930s Chicago, a young con man seeking revenge for his murdered partner teams up with a master of the big con to win a fortune from a criminal banker.'),
('The Terminator', '1984-10-26', 2, 2, 3, 107, 4, 'In a dystopian future, a cyborg assassin is sent back in time to kill Sarah Connor, the woman whose unborn son will lead the resistance against the machines.'),
('The Thing', '1982-06-25', 3, 3, 3, 109, 4, 'A research team in Antarctica is hunted by a shape-shifting alien that assumes the appearance of its victims.'),
('The Thing Called Love', '1993-07-16', 4, 4, 4, 116, 3, 'A country singer-songwriter moves to Nashville and becomes involved with other aspiring musicians.'),
('The Truman Show', '1998-06-05', 5, 5, 3, 103, 3, 'An insurance salesman discovers his whole life is actually a reality TV show.'),
('The Usual Suspects', '1995-08-16', 6, 6, 3, 106, 3, 'A sole survivor tells of the twisty events leading up to a horrific gun battle on a boat, which began when five criminals met at a seemingly random police lineup.'),
('There Will Be Blood', '2007-12-28', 7, 7, 3, 158, 3, 'A story about family, greed, religion, and oil, centered around a turn-of-the-century prospector in the early days of the business.'),
('Three Billboards Outside Ebbing, Missouri', '2017-11-10', 8, 8, 3, 115, 4, 'A mother personally challenges the local authorities to solve her daughter''s murder when they fail to catch the culprit.'),
('Toy Story', '1995-11-22', 9, 9, 3, 81, 4, 'A cowboy doll is profoundly threatened and jealous when a new spaceman figure supplants him as top toy in a boy''s room.'),
('Up', '2009-05-29', 8, 23, 1, 96, 3, '78-year-old Carl Fredricksen travels to Paradise Falls in his house equipped with balloons, inadvertently taking a young stowaway.'),
('WALL-E', '2008-06-27', 10, 24, 1, 98, 3, 'In the distant future, a small waste-collecting robot inadvertently embarks on a space journey that will ultimately decide the fate of mankind.'),
('Whiplash', '2014-10-10', 11, 25, 3, 106, 3, 'A promising young drummer enrolls at a cut-throat music conservatory where his dreams of greatness are mentored by an instructor who will stop at nothing to realize a student''s potential.');

INSERT INTO movies_Employees (first_name, last_name, address, phone_number, email_address, hire_date)
VALUES 
('John', 'Doe', '123 Main St, Anytown, USA', '555-555-5555', 'john.doe@email.com', '2022-01-01'),
('Jane', 'Doe', '123 Main St, Anytown, USA', '555-555-5555', 'jane.doe@email.com', '2022-01-02'),
('Bob', 'Smith', '456 Oak St, Anytown, USA', '555-555-5555', 'bob.smith@email.com', '2022-01-03'),
('Sarah', 'Johnson', '789 Maple St, Anytown, USA', '555-555-5555', 'sarah.johnson@email.com', '2022-01-04'),
('Mike', 'Brown', '101 Pine St, Anytown, USA', '555-555-5555', 'mike.brown@email.com', '2022-01-05'),
('Emily', 'Davis', '111 Cedar St, Anytown, USA', '555-555-5555', 'emily.davis@email.com', '2022-01-06'),
('Tom', 'Wilson', '222 Elm St, Anytown, USA', '555-555-5555', 'tom.wilson@email.com', '2022-01-07'),
('Kate', 'Jones', '333 Spruce St, Anytown, USA', '555-555-5555', 'kate.jones@email.com', '2022-01-08'),
('David', 'Garcia', '444 Birch St, Anytown, USA', '555-555-5555', 'david.garcia@email.com', '2022-01-09'),
('Linda', 'Hernandez', '555 Walnut St, Anytown, USA', '555-555-5555', 'linda.hernandez@email.com', '2022-01-10'),
('Steven', 'Martinez', '666 Chestnut St, Anytown, USA', '555-555-5555', 'steven.martinez@email.com', '2022-01-11'),
('Karen', 'Lopez', '777 Cedar St, Anytown, USA', '555-555-5555', 'karen.lopez@email.com', '2022-01-12'),
('James', 'Lee', '888 Ash St, Anytown, USA', '555-555-5555', 'james.lee@email.com', '2022-01-13'),
('Amy', 'Jackson', '999 Oak St, Anytown, USA', '555-555-5555', 'amy.jackson@email.com', '2022-01-14'),
('Brian', 'Lewis', '1212 Elm St, Anytown, USA', '555-555-5555', 'brian.lewis@email.com', '2022-01-15'),
('Samantha', 'Taylor', '1313 Maple St, Anytown, USA', '555-555-5555', 'samantha.taylor@email.com', '2022-01-16'),
('Daniel', 'Anderson', '1414 Pine St, Anytown, USA', '555-555-5555', 'daniel.anderson@email.com', '2022-01-17'),
('Amanda', 'Thomas', '1515 Cedar St, Anytown, USA', '555-555-5555', 'amanda.thomas@email.com', '2022-01-18'),
('Christopher', 'Allen', '1616 Oak St, Anytown, USA', '555-555-5555', 'christopher.allen@email.com', '2022-01-19'),
('Michelle', 'Young', '1717 Pine St, Anytown, USA', '555-555-5555', 'michelle.young@email.com', '2022-01-20'),
('Richard', 'Scott', '1818 Elm St, Anytown, USA', '555-555-5555', 'richard.scott@email.com', '2022-01-21'),
('Catherine', 'Green', '1919 Walnut St, Anytown, USA', '555-555-5555', 'catherine.green@email.com', '2022-01-22'),
('William', 'Turner', '2020 Cedar St, Anytown, USA', '555-555-5555', 'william.turner@email.com', '2022-01-23'),
('Victoria', 'Carter', '2121 Maple St, Anytown, USA', '555-555-5555', 'victoria.carter@email.com', '2022-01-24'),
('Patrick', 'Mitchell', '2222 Pine St, Anytown, USA', '555-555-5555', 'patrick.mitchell@email.com', '2022-01-25'),
('Natalie', 'Parker', '2323 Elm St, Anytown, USA', '555-555-5555', 'natalie.parker@email.com', '2022-01-26'),
('Timothy', 'Edwards', '2424 Walnut St, Anytown, USA', '555-555-5555', 'timothy.edwards@email.com', '2022-01-27'),
('Olivia', 'Morris', '2525 Oak St, Anytown, USA', '555-555-5555', 'olivia.morris@email.com', '2022-01-28'),
('Michael', 'Gonzalez', '2626 Cedar St, Anytown, USA', '555-555-5555', 'michael.gonzalez@email.com', '2022-01-29'),
('Ashley', 'Nelson', '2727 Maple St, Anytown, USA', '555-555-5555', 'ashley.nelson@email.com', '2022-01-30'),
('Jacob', 'Clark', '2828 Pine St, Anytown, USA', '555-555-5555', 'jacob.clark@email.com', '2022-01-31'),
('Sophia', 'Martin', '2929 Elm St, Anytown, USA', '555-555-5555', 'sophia.martin@email.com', '2022-02-01'),
('Robert', 'Hall', '3030 Walnut St, Anytown, USA', '555-555-5555', 'robert.hall@email.com', '2022-02-02'),
('Isabella', 'Allen', '3131 Oak St, Anytown, USA', '555-555-5555', 'isabella.allen@email.com', '2022-02-03'),
('Ryan', 'Young', '3232 Cedar St, Anytown, USA', '555-555-5555', 'ryan.young@email.com', '2022-02-04'),
('Madison', 'King', '3333 Maple St, Anytown, USA', '555-555-5555', 'madison.king@email.com', '2022-02-05'),
('David', 'Wright', '3434 Pine St, Anytown, USA', '555-555-5555', 'david.wright@email.com', '2022-02-06'),
('Ella', 'Walker', '3535 Elm St, Anytown, USA', '555-555-5555', 'ella.walker@email.com', '2022-02-07'),
('Anthony', 'Mitchell', '3636 Walnut St, Anytown, USA', '555-555-5555', 'anthony.mitchell@email.com', '2022-02-08'),
('Christopher', 'Wright', '2020 Oak St, Anytown, USA', '555-555-5555', 'christopher.wright@email.com', '2022-02-01'),
('Jennifer', 'Hall', '2121 Maple St, Anytown, USA', '555-555-5555', 'jennifer.hall@email.com', '2022-02-02'),
('Joshua', 'Nelson', '2222 Pine St, Anytown, USA', '555-555-5555', 'joshua.nelson@email.com', '2022-02-03'),
('Stephanie', 'Clark', '2323 Cedar St, Anytown, USA', '555-555-5555', 'stephanie.clark@email.com', '2022-02-04');

-- Insert data into the Rentals table
INSERT INTO movies_Rentals(employee_id, customer_id, movie_id, rental_start_date, rental_end_date, rental_fee)
VALUES
(1, 2, 12, '2023-03-01', '2023-03-05', 10.50),
(2, 3, 50, '2023-03-02', '2023-03-06', 8.75),
(1, 1, 74, '2023-03-02', '2023-03-04', 5.25),
(6, 4, 3, '2023-03-03', '2023-03-07', 12.00),
(26, 2, 2, '2023-03-04', '2023-03-08', 9.99),
(18, 3, 4, '2023-03-04', '2023-03-09', 7.50),
(3, 1, 61, '2023-03-05', '2023-03-10', 11.25),
(2, 4, 82, '2023-03-06', '2023-03-11', 6.99),
(10, 2, 9, '2023-03-06', '2023-03-12', 14.50),
(36, 3, 10, '2023-03-07', '2023-03-13', 5.99),
(23, 1, 21, '2023-03-08', '2023-03-14', 8.25),
(1, 4, 16, '2023-03-09', '2023-03-15', 9.50),
(38, 2, 19, '2023-03-10', '2023-03-16', 12.99),
(20, 3, 34, '2023-03-11', '2023-03-17', 7.75),
(10, 1, 15, '2023-03-12', '2023-03-18', 11.50),
(34, 4, 56, '2023-03-13', '2023-03-19', 13.25),
(2, 2, 19, '2023-03-14', '2023-03-20', 5.99),
(1, 3, 88, '2023-03-15', '2023-03-21', 8.50),
(32, 1, 99, '2023-03-16', '2023-03-22', 9.75),
(2, 4, 60, '2023-03-17', '2023-03-23', 14.99),
(14, 2, 21, '2023-03-18', '2023-03-24', 6.50),
(3, 3, 72, '2023-03-19', '2023-03-25', 10.99),
(1, 4, 94, '2023-03-21', '2023-03-27', 12.50),
(35, 2, 35, '2023-03-22', '2023-03-28', 11.25),
(2, 3, 36, '2023-03-23', '2023-03-29', 7.99),
(10, 1, 27, '2023-03-24', '2023-03-30', 9.50),
(32, 4, 8, '2023-03-25', '2023-03-31', 10.25),
(20, 2, 95, '2023-03-26', '2023-04-01', 14.99),
(10, 3, 30, '2023-03-27', '2023-04-02', 6.50),
(35, 1, 39, '2023-03-28', '2023-04-03', 8.75),
(2, 4, 12, '2023-03-29', '2023-04-04', 12.99),
(1, 2, 38, '2023-03-30', '2023-04-05', 9.50),
(34, 3, 15, '2023-03-31', '2023-04-06', 11.99),
(2, 1, 53, '2023-04-01', '2023-04-07', 7.75),
(1, 4, 62, '2023-04-02', '2023-04-08', 10.50),
(3, 2, 89, '2023-04-03', '2023-04-09', 13.25),
(2, 3, 78, '2023-04-04', '2023-04-10', 8.99),
(17, 1, 69, '2023-04-05', '2023-04-11', 11.50),
(38, 4, 48, '2023-04-06', '2023-04-12', 6.25),
(29, 2, 31, '2023-04-07', '2023-04-13', 9.99),
(12, 3, 22, '2023-04-08', '2023-04-14', 12.50),
(31, 1, 53, '2023-04-09', '2023-04-15', 7.75);

-- Insert data into Rentals_history table
INSERT INTO movies_Rentals_history (rental_id, return_date, late_fee)
VALUES
(1, '2023-03-07', 2.50),
(2, '2023-03-08', 0.00),
(3, '2023-03-08', 1.25),
(4, '2023-03-08', 0.00),
(5, '2023-03-09', 1.50),
(6, '2023-03-10', 0.00),
(7, '2023-03-11', 2.75),
(8, '2023-03-12', 0.00),
(9, '2023-03-12', 0.00),
(10, '2023-03-13', 0.00),
(11, '2023-03-14', 1.00),
(12, '2023-03-15', 0.00),
(13, '2023-03-16', 0.00),
(14, '2023-03-16', 0.75),
(15, '2023-03-17', 0.00),
(16, '2023-03-18', 3.50),
(17, '2023-03-18', 0.00),
(18, '2023-03-19', 0.00),
(19, '2023-03-20', 0.00),
(20, '2023-03-21', 0.00),
(21, '2023-03-22', 1.25),
(22, '2023-03-23', 0.00),
(23, '2023-03-23', 0.50),
(24, '2023-03-24', 0.00),
(25, '2023-03-25', 0.00),
(26, '2023-03-26', 0.00),
(27, '2023-03-27', 2.00),
(28, '2023-03-28', 0.00),
(29, '2023-03-28', 1.75),
(30, '2023-03-29', 0.00),
(31, '2023-03-30', 0.00),
(32, '2023-03-31', 1.50),
(33, '2023-04-01', 0.00),
(34, '2023-04-02', 0.00),
(35, '2023-04-03', 2.25),
(36, '2023-04-03', 0.00),
(37, '2023-04-04', 0.75),
(38, '2023-04-05', 0.00),
(39, '2023-04-06', 0.00),
(40, '2023-04-07', 1.25),
(41, '2023-04-08', 0.00);
